"","firm_id","est","se","ttest_p","ttest_p_greater","ttest_p_less","t_stat","post_mean_u","post_mean_beta","lower_ci_u","upper_ci_u","lower_ci_beta","upper_ci_beta","lower_ci_beta95","upper_ci_beta95","normal_mean_beta","sic_combined","sic_name"
"1",113,0.0544444444444444,0.024016872058551,0.0263166016975722,0.0131583008487861,0.986841699151214,2.26692486480811,1.41097065671821,0.0338871017407711,0.593419726748222,2.60955257535864,0.0142520856543324,0.0626732903324508,0.0109710299641264,0.0737724865344758,0.031182573464576,80,"Health services"
"2",74,0.0786666666666666,0.0248526842409124,0.00194948006366641,0.000974740031833204,0.999025259968167,3.16531871986551,2.00312467566054,0.0497830250593716,0.812216568444958,4.14753427723667,0.0201857619108,0.103077359770524,0.0166578955058901,0.112997826202376,0.039146708930092,55,"Auto dealers / services"
"3",58,0.0427170868347339,0.0170487916313851,0.0135882291464453,0.00679411457322264,0.993205885426777,2.50557856288747,1.51766789629913,0.0258744037296465,0.644650206755263,2.9425506954044,0.0109905070500998,0.050166933670737,0.00864319676953213,0.0587919342365438,0.0310819943194053,53,"General merchandise"
"4",30,0.0141129032258064,0.0171429077343585,0.41195899920723,0.205979499603615,0.794020500396385,0.823250258619824,1.02944714192632,0.017647717371442,0.329796215045325,1.77278806857697,0.00565366608566266,0.0303907422921867,0.00364103414578275,0.0337573266279858,0.0157404536999622,48,"Communications"
"5",33,-0.00813008130081301,0.00494451365594517,0.102696340632001,0.948651829684,0.0513481703160004,-1.64426308966456,0.630630140424638,0.00311815934118025,0.0821822283446279,1.26795438017426,0.000406351150326017,0.00626941774788712,0.000205814218996294,0.00691852413087543,-0.00638780027182505,80,"Health services"
"6",122,0.0155555555555555,0.0219023525307149,0.479798092156257,0.239899046078129,0.760100953921871,0.710223047215641,1.00755277139371,0.0220677759923638,0.311652086709498,1.74076901857257,0.00682591387004434,0.038126936719323,0.00434801362954879,0.0422645625926033,0.0167598246731269,51,"Wholesale nondurable"
"7",123,0.0217391304347826,0.0152584393398743,0.158809278021059,0.0794046390105294,0.920595360989471,1.42472830612319,1.15797747336865,0.0176689290343365,0.431189873392593,1.98624840193964,0.00657928452712897,0.0303070507549183,0.00460875624053836,0.0343132487590612,0.0200490246101856,49,"Electric / gas"
"8",98,-0.000833333333333335,0.0123373253162748,0.946283507564663,0.526858246217669,0.473141753782331,-0.0675457047593647,0.868678978004005,0.0107171751470446,0.205989221694976,1.55505852854705,0.00254135603969718,0.0191852629525326,0.00146160891402273,0.0211209071900222,0.00490727779044847,42,"Freight / transport"
"9",107,0.00308641975308641,0.0172880837209939,0.858759088996927,0.429379544498463,0.570620455501537,0.17852873707098,0.910739545119035,0.0157449415040378,0.23587366836575,1.60949091355453,0.00407780372628503,0.0278250136617096,0.00241715967485674,0.0306481085491377,0.00991400178794243,51,"Wholesale nondurable"
"10",49,-0.0169753086419753,0.0134161166851735,0.208515056425912,0.895742471787044,0.104257528212956,-1.26529226305367,0.683056855883865,0.00916397048114566,0.102460960014081,1.33092517851625,0.00137462819522381,0.0178558474942093,0.000715952185012402,0.0196743660441408,-0.00492849249774625,75,"Auto / repair services"
"11",118,0.0266666666666667,0.018117070078471,0.145285912436143,0.0726429562180713,0.927357043781929,1.47190834672299,1.16922872841478,0.0211829988104521,0.4397282867271,2.00759443527591,0.00796658818612084,0.036371729073042,0.00562688631592516,0.0412638329834512,0.0221933929164033,50,"Wholesale durable"
"12",120,0.0445736434108527,0.0292629241677161,0.135200358546268,0.067600179273134,0.932399820726866,1.5232122106248,1.18172288793494,0.0345806672568946,0.44933400172842,2.03214237361262,0.0131488268185552,0.0594664281770285,0.00933847795427076,0.0676180761571779,0.0252158237114384,51,"Wholesale nondurable"
"13",114,-0.0233333333333333,0.0165582056447604,0.162973290621183,0.918513354689409,0.0814866453105913,-1.40917040372167,0.66278774768171,0.0109745758249413,0.0939225466795747,1.30637724017954,0.0015551888426,0.0216312629925273,0.000812939622268184,0.0238580106535228,-0.0049585064760714,80,"Health services"
"14",80,0.07,0.0391491131601278,0.0799546188756171,0.0399773094378086,0.960022690562191,1.78803539466363,1.25136770944895,0.0489899360621469,0.498429878401834,2.18049730529967,0.0195130877119421,0.0853645357505305,0.0142900984956835,0.098442900748042,0.0270415865722511,53,"General merchandise"
"15",109,-0.0148401826484018,0.0100657489089888,0.144753379464473,0.927623310267763,0.0723766897322367,-1.47432474052173,0.65375516010291,0.00658053528955166,0.0907206416791346,1.29570422351141,0.000913171200004514,0.0130422333741821,0.00047270038588469,0.0143851321977182,-0.00733476793849803,51,"Wholesale nondurable"
"16",110,0.00999999999999999,0.0110689892276812,0.369232017775763,0.184616008887881,0.815383991112119,0.903424856082804,1.04532640195059,0.0115707066826018,0.342603835047085,1.79626870524687,0.00379227815949845,0.0198828789483984,0.00246911568640242,0.0221275295724006,0.0120291622710872,87,"Engineering services"
"17",60,0.0613333333333334,0.0240434195052488,0.0119593411366548,0.00597967056832741,0.994020329431673,2.55094053156391,1.54094443272351,0.0370495734302489,0.655323223423396,3.01619451041452,0.0157562111723006,0.0725196299233248,0.0124458671312146,0.0847602044008287,0.0336990675210058,55,"Auto dealers / services"
"18",20,0.00273224043715847,0.0139195638768531,0.844714204018329,0.422357102009165,0.577642897990835,0.196287790431561,0.913834843824718,0.0127201824815123,0.238008271699377,1.61269281855497,0.00331297134113889,0.0224479807016182,0.00197589770570167,0.0247507186293156,0.00816494569778165,49,"Electric / gas"
"19",121,0.0233333333333333,0.0172248859704991,0.179657304885651,0.0898286524428254,0.910171347557175,1.35462919019006,1.14165077637912,0.0196648044412621,0.419449555057646,1.95636395526887,0.00722497075624454,0.0336981460463009,0.00501887281540651,0.038036805329949,0.0206499545575356,24,"Other manufacturing"
"20",19,0.022,0.0163174159877148,0.180034756319916,0.0900173781599582,0.909982621840042,1.34825269004379,1.14018748677252,0.0186049135256542,0.418382253390833,1.95316205026843,0.00682691727045571,0.0318705576656478,0.00473704463664274,0.0359632249068649,0.0200591499930505,53,"General merchandise"
"21",89,0.0443121693121693,0.0261707611115423,0.0929093357932456,0.0464546678966228,0.953545332103377,1.69319375631861,1.22532135062149,0.0320675923519875,0.48135305173282,2.12179571362494,0.0125973757272115,0.0555290087487727,0.00910586360769612,0.0637131131569168,0.026406659600481,54,"Food stores"
"22",117,0.0166666666666667,0.02086708976919,0.427017016585318,0.213508508292659,0.786491491707341,0.798705849786239,1.02464557006449,0.0213813710921387,0.325527008378071,1.76531695690928,0.00679280130612109,0.0368370274108993,0.00436521001967126,0.040912708194572,0.0171958505372755,24,"Other manufacturing"
"23",112,0.0168918918918919,0.0146941239237005,0.254074271528302,0.127037135764151,0.872962864235849,1.14956781224953,1.09620932884348,0.0161078357243426,0.383161298385992,1.87738363192468,0.00563021960124976,0.0275865077398282,0.00381098429833897,0.0308956340235711,0.0171705326915726,56,"Apparel stores"
"24",116,-0.0227272727272727,0.0199538896834332,0.263162494216726,0.868418752891637,0.131581247108363,-1.138989594903,0.701212354868054,0.0139919139736976,0.109932071681775,1.35227121185251,0.00219357243100941,0.0269830705833876,0.00115002826480105,0.0297090635073604,-0.000873832238352856,63,"Insurance / real estate"
"25",119,0.0733333333333333,0.0250105083020223,0.00447777016145512,0.00223888508072756,0.997761114919272,2.93210087727021,1.78941470724611,0.0447541713913397,0.747111166769344,3.71634440384408,0.0186856300390182,0.0929476625655165,0.015188747846002,0.104692915732899,0.0371043874677764,56,"Apparel stores"
"26",92,0.00739247311827957,0.0065429735433148,0.260744731735088,0.130372365867544,0.869627634132456,1.12983386977512,1.09199633342553,0.00714490311899998,0.379959393385552,1.8709798219238,0.00248606425845561,0.0122417714749233,0.00167599837648693,0.0137012867277806,0.00854457129765493,51,"Wholesale nondurable"
"27",66,0,0.0119979449985876,1,0.5,0.5,0,0.880075447987885,0.010559096819566,0.21346033336267,1.57000075188244,0.0025610853390655,0.0188367826688267,0.00148542949665799,0.0207319858197352,0.00527282787821358,80,"Health services"
"28",96,0.00303030303030303,0.0276904043674198,0.913263042503071,0.456631521251535,0.543368478748465,0.109435131032916,0.898775943924164,0.0248874693229695,0.227335255031243,1.59348138855233,0.00629500513878563,0.0441241440009716,0.00369425184201035,0.0486163542408562,0.0131580423590425,54,"Food stores"
"29",4,0.00604838709677419,0.0141596580440454,0.670012300813894,0.335006150406947,0.664993849593053,0.427156296992478,0.954882018773666,0.0135208028582429,0.270027321703777,1.66712520356245,0.00382349453787493,0.0236059227990539,0.00234245712794709,0.0260692809400563,0.0103618343180448,73,"Business services"
"30",35,-0.00384615384615386,0.0116183134361486,0.741693947010988,0.629153026494506,0.370846973505494,-0.331042355440948,0.825225270550593,0.00958772584868736,0.177172076691016,1.50169344520638,0.00205844071912959,0.0174471451314177,0.00115322281252441,0.0191831794728522,0.00229299792187777,63,"Insurance / real estate"
"31",78,-0.0147849462365592,0.0143155588235419,0.303729254235857,0.848135372882071,0.151864627117929,-1.0327886196273,0.716737760553692,0.01026050157226,0.117403183349468,1.37148264185515,0.00168069217731039,0.019633540434944,0.000886183148036385,0.0216045339883353,-0.0025291759085367,60,"Banks / credit"
"32",7,-0.00403225806451613,0.0117980423031858,0.73310459220313,0.633447703898435,0.366552296101565,-0.341773487574909,0.823488241072526,0.00971554910434975,0.176104775024203,1.49955884187276,0.00207769158552856,0.0176918586525311,0.00115847045980987,0.0194547484826765,0.00229675008761863,73,"Business services"
"33",86,0.0510752688172043,0.0204380428223844,0.0137717983135401,0.00688589915677003,0.99311410084323,2.4990293474317,1.51439611398831,0.0309512926277455,0.643582905088449,2.93294498040308,0.0131535749739523,0.0599436551051755,0.0103396260989276,0.0702396540897617,0.0325423887453012,54,"Food stores"
"34",82,0.03,0.0193857280392794,0.124283902350253,0.0621419511751264,0.937858048824874,1.54753022116136,1.18774522356575,0.0230253058839986,0.453603208395673,2.04388269194756,0.0087934284357031,0.0396221540102857,0.00626919721416009,0.0451258056900434,0.0234621159683142,53,"General merchandise"
"35",14,-0.002,0.00530975972969557,0.707066435014593,0.646466782492703,0.353533217507297,-0.376664877850257,0.817857637455233,0.00434262754798376,0.171835568356949,1.49315503187187,0.00091240558099108,0.00792829445842559,0.000510040386889423,0.00871602350039926,-0.000485109947935679,52,"Building materials"
"36",69,0.00531914893617021,0.00531914893617021,0.32254204987899,0.161271024939495,0.838728975060505,1,1.0648806889041,0.00566425898353243,0.358613360049285,1.82722045358445,0.00190751787260258,0.0097192577318322,0.00126032430868385,0.010837653627376,0.00627158414522703,87,"Engineering services"
"37",83,0.0233333333333333,0.0186122478655674,0.212325984068692,0.106162992034346,0.893837007965654,1.25365477087267,1.11887519956954,0.0208247825450245,0.401305426721819,1.91580649192996,0.0074691960719438,0.0356574652902636,0.00512513985787633,0.0400873342371877,0.0204283266987885,57,"Furnishing stores"
"38",25,0.0033068783068783,0.0176783128641792,0.85191805745955,0.425959028729775,0.574040971270225,0.187058478503279,0.912225176864918,0.0161266020791992,0.236940970032563,1.61055821522134,0.00418871659857777,0.028471952014657,0.002490588247803,0.0313776383037605,0.0101899824338898,52,"Building materials"
"39",41,0.034,0.0158988739710832,0.0344361138407228,0.0172180569203614,0.982781943079639,2.13851622837183,1.36239765161743,0.0216605885615653,0.567804486744702,2.46653415200565,0.00902745197496959,0.0392151156281104,0.00685543345467616,0.0460196423987172,0.0269693099011599,58,"Eating/drinking"
"40",90,0.0127688172043011,0.0118822403416445,0.284651291044239,0.142325645522119,0.857674354477881,1.07461361133635,1.0803396905702,0.0128368558539731,0.370353678384232,1.85176839192116,0.00440063141797356,0.0220031570898678,0.00294220890193045,0.0245902718139791,0.0141977038579673,62,"Securities brokers"
"41",47,0.0604838709677419,0.0219136731436737,0.00666280066100129,0.00333140033050065,0.996668599669499,2.76009734065068,1.66415758244063,0.0364678053211702,0.703351798429997,3.38868279213238,0.01541302141581,0.0742584870943806,0.0123725164324181,0.0852510820343362,0.0352773159410458,59,"Other retail"
"42",106,0.00750000000000001,0.0135097233969696,0.58004040504677,0.290020202523385,0.709979797476615,0.555155703756479,0.978347508908371,0.0132172042314663,0.288171450039604,1.69914425356685,0.00389311658093869,0.0229549688772385,0.00242238365036185,0.0253917714779001,0.0110522690629916,24,"Other manufacturing"
"43",11,0.0175,0.0129368122468833,0.179223697841339,0.0896118489206696,0.91038815107933,1.35272891544175,1.14121432950984,0.0147636755143217,0.418382253390833,1.95529665360206,0.00541253265954517,0.0252953056946091,0.00375563490662318,0.0285538712753557,0.0175348678595235,59,"Other retail"
"44",55,0,0.0149327408139332,1,0.5,0.5,0,0.880075447987885,0.0131419385615092,0.21346033336267,1.57000075188244,0.00318754783216052,0.0234444143055406,0.0018487777426531,0.0258031997013394,0.00701439450970425,59,"Other retail"
"45",13,0.0174731182795699,0.0161740455017086,0.282114160741811,0.141057080370905,0.858942919629095,1.08031835805854,1.08153515027452,0.0174927987322373,0.371420980051045,1.85390299525479,0.0060073798316348,0.0299851114010047,0.00402218247347962,0.0335066788885148,0.0175307890275897,75,"Auto / repair services"
"46",8,0.0386178861788618,0.0158167927955162,0.0160579912064909,0.00802899560324544,0.991971004396755,2.44157501954564,1.48660183443548,0.0235132731847003,0.630775285086689,2.84435894205757,0.00997684198474881,0.0449886360225983,0.00781603695251895,0.0528553168430601,0.0296601410982715,51,"Wholesale nondurable"
"47",95,0.04,0.0212369983992583,0.0625668690744342,0.0312834345372171,0.968716565462783,1.88350534515259,1.27907790369476,0.0271637753932924,0.516574006737661,2.24560270697529,0.0109704813541862,0.0476898610934043,0.00813719588048105,0.0553057324467236,0.0271771417118791,54,"Food stores"
"48",72,0.015,0.00993666814064825,0.134340717513377,0.0671703587566885,0.932829641243311,1.50956032622636,1.17837073614383,0.0117090789517126,0.447199398394793,2.02467126194492,0.0044436720145466,0.0201184864238542,0.00314981047331824,0.0228758962658163,0.0155907324919239,75,"Auto / repair services"
"49",21,-0.0163934426229508,0.0119050263104847,0.171048750658432,0.914475624670784,0.0855243753292161,-1.37701859663369,0.667278768148528,0.00794397129123604,0.0960571500132014,1.31171374851361,0.00114356289821734,0.015615986687879,0.000597193957957943,0.0172169747453832,-0.0063212264836012,42,"Freight / transport"
"50",29,0.006,0.0128464881607588,0.641281089788671,0.320640544894336,0.679359455105665,0.467053713428682,0.962138226272624,0.0123600973328247,0.275363830037844,1.67779822023058,0.00353745818248236,0.0215538149723344,0.00218006143804146,0.0238024318015092,0.00981737230394872,56,"Apparel stores"
"51",1,0.046875,0.0159497100184272,0.00391335459777974,0.00195667729888987,0.99804332270111,2.93892490495714,1.79490735209718,0.0286282517758929,0.748178468436158,3.72915202384584,0.0119332296135877,0.059478893394972,0.00972021984216628,0.0669520571615411,0.0342773084115078,59,"Other retail"
"52",62,-0.00490196078431374,0.0231006277845173,0.832378405681416,0.583810797159292,0.416189202840708,-0.212200327629156,0.844630588465123,0.0195114968395506,0.189979696692776,1.52517408187628,0.00438865025991531,0.0352324787720167,0.00249018919242385,0.0387581921830723,0.00889835269634544,57,"Furnishing stores"
"53",16,0.0507246376811594,0.014324924514358,0.000578386516173433,0.000289193258086717,0.999710806741913,3.54100558298353,2.47144466453261,0.0354032582608426,0.941360070129374,4.7014638423128,0.013484911945434,0.0673481146481145,0.0113597387476842,0.0710939235218461,0.0381825819115728,55,"Auto dealers / services"
"54",51,0.018,0.0110628701869901,0.106261985361325,0.0531309926806627,0.946869007319337,1.62706419724313,1.20792652659356,0.0133631343591263,0.46854543173106,2.08444015528647,0.00518345728794793,0.0230598908504836,0.00371933723394897,0.0263777758115619,0.0178946946206087,73,"Business services"
"55",12,0.03,0.0157090481426593,0.0584782658487191,0.0292391329243595,0.97076086707564,1.90972742126446,1.28698151576895,0.020217254589927,0.521910515071728,2.26481413697793,0.00819871740742187,0.0355780743119616,0.00608616445581624,0.0413289129024436,0.0247574410336947,53,"General merchandise"
"56",10,-0.00648148148148146,0.0249575787187054,0.795695052656337,0.602152473671831,0.397847526328169,-0.259699931412964,0.836837185357651,0.0208854299283035,0.184643188358709,1.51556836687496,0.00460824690833524,0.0378249168198615,0.00258381474051167,0.0416074085018477,0.00915390136675771,51,"Wholesale nondurable"
"57",76,0.00510204081632653,0.00510204081632653,0.322325218521117,0.161162609260558,0.838837390739442,0.999999999999999,1.0648806889041,0.00543306473930662,0.358613360049285,1.82722045358445,0.00182966000025146,0.00932255333461456,0.00120888250016614,0.0103953004180953,0.00599936058705664,60,"Banks / credit"
"58",56,0.0166666666666667,0.0158396987770497,0.294750014693747,0.147375007346873,0.852624992653127,1.0522085616183,1.07566355030512,0.017038186622285,0.367151773383792,1.84429728025347,0.00581557349585889,0.029213113374547,0.00387141375160374,0.0326280722296734,0.0170673449476238,24,"Other manufacturing"
"59",18,0,0.0110875920329396,1,0.5,0.5,0,0.880075447987885,0.00975791752549625,0.21346033336267,1.57000075188244,0.00236676109154057,0.0174075278282809,0.00137272143309353,0.019158931036021,0.00470892913199699,54,"Food stores"
"60",45,0.0423387096774193,0.0209829614013569,0.0457916131807474,0.0228958065903737,0.977104193409626,2.01776617073134,1.32104643419275,0.0277194663380667,0.543256548407995,2.35233287365662,0.0113991311862793,0.0493589098910798,0.00855494717712908,0.0576451152720687,0.0283226961443242,53,"General merchandise"
"61",71,0.00952380952380952,0.00952380952380954,0.319631547615767,0.159815773807884,0.840184226192116,0.999999999999998,1.0648806889041,0.0101417208467057,0.358613360049285,1.82722045358445,0.00341536533380272,0.0174020995579472,0.0022565806669768,0.0194045607804446,0.0112388951664703,63,"Insurance / real estate"
"62",22,0.00423728813559323,0.0147357853287441,0.774199239075601,0.387099619537801,0.612900380462199,0.28755088657052,0.929877218968567,0.0137024710808104,0.250815891701137,1.63403885189124,0.00369596913714549,0.0240788457402968,0.0022175814822873,0.0265480676744749,0.00947856505944729,42,"Freight / transport"
"63",104,0.0204081632653061,0.018373774502442,0.26943356819239,0.134716784096195,0.865283215903805,1.11072241920645,1.08794032050724,0.0199895701211146,0.376757488385112,1.86350871025611,0.00692245713369447,0.0342396888255823,0.00464765535604983,0.0383186437372209,0.0190046719143394,23,"Apparel manufacturing"
"64",84,0.015,0.0084816729193128,0.0831989669293844,0.0415994834646922,0.958400516535308,1.76851903423969,1.24589433343904,0.0105672682282552,0.495227973401394,2.16768968529791,0.00420036169088476,0.018385634901265,0.00306879873536624,0.0211828585273068,0.0154586275419383,55,"Auto dealers / services"
"65",3,0.0362903225806451,0.0224859625593503,0.10910952245478,0.0545547612273901,0.94544523877261,1.61391012214216,1.20453519684368,0.0270851333376466,0.466410828397433,2.07803634528559,0.0104876964246202,0.0467266474570609,0.0075117825650026,0.0533984543358811,0.0250737495756813,56,"Apparel stores"
"66",40,0.00619834710743802,0.00801535733110367,0.440860249148262,0.220430124574131,0.779569875425869,0.773308893339699,1.01970532144073,0.00817330252377534,0.321257801710818,1.7589131469084,0.00257499607611705,0.0140983173868469,0.00165107721824117,0.0156381821499733,0.00802622131157766,63,"Insurance / real estate"
"67",64,0.00406504065040651,0.00762722506246266,0.595027613837244,0.297513806918622,0.702486193081378,0.532964560127193,0.974239867672045,0.00743074673555853,0.284969545039164,1.69380774523278,0.00217352685596129,0.0129190528854329,0.00135133130370627,0.0142866652891838,0.00605993466307676,62,"Securities brokers"
"68",68,0.014,0.0191142574720986,0.46528373971218,0.23264186985609,0.76735813014391,0.732437554555077,1.01181314316408,0.0193400569320915,0.314853991709938,1.74717282857345,0.00601820026366175,0.0333959112936077,0.00383532762565562,0.0370272321306647,0.01587614404693,58,"Eating/drinking"
"69",15,0.0120967741935484,0.0136861308722614,0.378490237796126,0.189245118898063,0.810754881101937,0.883871000975571,1.04142522764332,0.0142530819592011,0.339401930046645,1.7909321969128,0.0046450992329165,0.0245109324302952,0.00302369667048338,0.027257091725227,0.0140658182319546,60,"Banks / credit"
"70",50,0.03,0.0162142907894996,0.0666622283447337,0.0333311141723668,0.966668885827633,1.85021968518216,1.26923276109816,0.020579709068005,0.510170196736781,2.22212207030539,0.00827204792202638,0.0360301334176965,0.00610885547379773,0.0417063504018485,0.0245650359411251,70,"Accommodation"
"71",73,-0.0129310344827586,0.0121848686127153,0.290805818171117,0.854597090914442,0.145402909085558,-1.06123708788002,0.712555784759083,0.00868239861651967,0.115268580015842,1.36614613352109,0.00140453250266729,0.0166463111427235,0.000741281043074404,0.0183239471875761,-0.00358596450808695,70,"Accommodation"
"72",91,0.0307692307692308,0.0215864849236958,0.158902579493773,0.0794512897468863,0.920548710253114,1.4253932901996,1.15813453889437,0.0250000537634548,0.432257175059406,1.98624840193964,0.00933091299257922,0.042876121183185,0.0065201194491356,0.0485437868527516,0.0231267842850572,63,"Insurance / real estate"
"73",70,0.04,0.018272136375967,0.0304603103238016,0.0152301551619008,0.984769844838099,2.18912551750716,1.38092253718661,0.0252324049241201,0.577410201746022,2.51989923534632,0.0105505179511779,0.0460439424819428,0.00807377898666849,0.0541177214686113,0.0288493196929235,57,"Furnishing stores"
"74",44,0.054,0.0215496426136071,0.0135114546333538,0.00675572731667692,0.993244272683323,2.50584202105991,1.51779996980831,0.0327080469083128,0.644650206755263,2.94361799707122,0.0138919815663639,0.0634339158278668,0.0109249855033491,0.0743129013922544,0.0329012904231178,55,"Auto dealers / services"
"75",39,0.056,0.0214144961453986,0.0100280048932103,0.00501400244660515,0.994985997553395,2.61505102056921,1.57578655353269,0.0337446750765966,0.66919814509197,3.12505928042949,0.0143305410985799,0.0669215699148992,0.0113821522601161,0.0778694633538462,0.033859682201925,59,"Other retail"
"76",24,0.052,0.0186858580301409,0.00623193113723185,0.00311596556861593,0.996884034431384,2.78285320995816,1.67936103698293,0.0313803019184132,0.708688306764064,3.43137485880492,0.0132424490878142,0.0641181834598234,0.0106697443704527,0.0734317734056204,0.0344893930466332,53,"General merchandise"
"77",28,0.0373333333333333,0.0156535062546548,0.0185946827829023,0.00929734139145115,0.990702658608549,2.38498217114978,1.46072177870306,0.0228654174992389,0.619034966751742,2.76324401537976,0.00969006772389842,0.0432544574778845,0.00753486300599687,0.0508895625637838,0.0290231729105823,52,"Building materials"
"78",9,0.00268817204301065,0.0159089805804972,0.866096239071729,0.433048119535864,0.566951880464136,0.168971985942712,0.909077335884603,0.0144624936827583,0.234806366698937,1.6073563102209,0.00373552992799049,0.025571400325244,0.00220735859381256,0.0281692915933465,0.00908962810963377,53,"General merchandise"
"79",81,0.00632911392405063,0.00632911392405063,0.320402732554116,0.160201366277058,0.839798633722942,1,1.0648806889041,0.00673975119559555,0.358613360049285,1.82722045358445,0.00226970481043851,0.0115646864150915,0.00149962639261116,0.0128954359616879,0.00752807286148652,63,"Insurance / real estate"
"80",36,0.0180722891566265,0.0217609010727013,0.408671286884426,0.204335643442213,0.795664356557787,0.83049360392975,1.03086934778034,0.0224326458959282,0.330863516712138,1.7749226719106,0.0071998882557389,0.0386239166751413,0.0046450891972509,0.0429206241825984,0.0177991829032874,53,"General merchandise"
"81",97,0.00825082508250825,0.0110320658798999,0.456278815650456,0.228139407825228,0.771860592174772,0.747894834234178,1.01478962360712,0.0111952259818726,0.318055896710378,1.75144203524071,0.00350881360599952,0.0193220239176014,0.00223716303738224,0.0214296669896615,0.0107344910015469,59,"Other retail"
"82",79,0.0266666666666667,0.0144987949072825,0.0682730491760467,0.0341365245880234,0.965863475411977,1.83923331816167,1.26602762081983,0.0183558748212215,0.509102895069967,2.2146509586377,0.00738137846232323,0.0321097700405046,0.00543158037793596,0.037139011131186,0.0231835191805547,51,"Wholesale nondurable"
"83",34,-0.004,0.00490555971618248,0.416406066308761,0.79179696684562,0.20820303315438,-0.815401346925771,0.7492495819786,0.00367548856672078,0.133412708351669,1.40990550186043,0.000654464007716747,0.00691637563355058,0.000350792708136176,0.00760748962569947,-0.00255875229008165,51,"Wholesale nondurable"
"84",42,0.0277777777777778,0.013984565488858,0.0514231202922232,0.0257115601461116,0.974288439853888,1.98631682907198,1.31086733941998,0.0183319101553237,0.536852738407114,2.32565033198629,0.00750765227812704,0.0325232093718465,0.0056270077710813,0.0379263308920891,0.0240398788398803,63,"Insurance / real estate"
"85",31,0.0738482384823848,0.0219847264795446,0.00104400217355926,0.000522001086779631,0.99947799891322,3.35907015041083,2.22528310698184,0.0489222404465469,0.874120065120133,4.4613209672798,0.0192172905419478,0.0980809212031037,0.0160496052877806,0.105331400784864,0.0406971989322976,55,"Auto dealers / services"
"86",53,0.04,0.0159130703024782,0.013230221649919,0.00661511082495949,0.99338488917504,2.51365696497744,1.52173389248445,0.0242154584127688,0.646784810088889,2.95535831540616,0.0102923321535195,0.0470288246420717,0.00810139016044356,0.0550962467095994,0.0303865274354437,57,"Furnishing stores"
"87",52,-0.000672043010752656,0.0117066540772701,0.954314201728355,0.522842899135822,0.477157100864178,-0.0574069248409339,0.870382690150765,0.0101892690684388,0.20705652336179,1.55719313188068,0.00242393909343866,0.0182295213264279,0.0013993875178615,0.0200662174436211,0.004615451177442,53,"General merchandise"
"88",37,0.0161290322580645,0.0133487533820859,0.229257456349175,0.114628728174587,0.885371271825413,1.20828003907165,1.10889949205827,0.0148024258450061,0.393834315054126,1.89872966526095,0.00525719714506023,0.0253456740408188,0.00357603383037972,0.0284515520289574,0.016639853701995,53,"General merchandise"
"89",23,0.0115176151761518,0.0134111446279499,0.392129989055761,0.19606499452788,0.80393500547212,0.858809258692815,1.0364522825228,0.013900011460882,0.335132723379392,1.78346108524511,0.00449451342279974,0.0239182545525426,0.0029200023511183,0.0265806096373857,0.013637269068781,53,"General merchandise"
"90",6,-0.0733333333333333,0.0376755151848577,0.0633989926931823,0.968300503653409,0.0316994963465912,-1.94644540289676,0.591087640562701,0.0222695313776018,0.070441910009681,1.21992580516766,0.00265393525022012,0.0459613331969939,0.00132696762511006,0.0508268811557308,0.000170762347716669,80,"Health services"
"91",46,-0.0200892857142857,0.0152528535717205,0.190523072724419,0.90473846363779,0.0952615363622094,-1.31708375877496,0.675709708961807,0.0103065012477843,0.0992590550136414,1.32238676518174,0.00151398383179042,0.0201701716944981,0.000781411009956345,0.0222213755956336,-0.00468582162241007,42,"Freight / transport"
"92",105,0.035,0.0142222616792382,0.0155885683140845,0.00779428415704227,0.992205715842958,2.46093067258728,1.49578745616556,0.0212734806181086,0.635044491753943,2.87317608706153,0.0090317689396834,0.0408630621607188,0.00707362071578565,0.0479822212072928,0.0284714707371968,23,"Apparel manufacturing"
"93",87,0.0208333333333333,0.0163023319998605,0.203759294271869,0.101879647135935,0.898120352864065,1.27793577836052,1.12427712793185,0.0183283389993946,0.405574633389073,1.92541220693128,0.00661181232423036,0.0313887090339778,0.00454127109637927,0.0353209974162833,0.0194091616289029,51,"Wholesale nondurable"
"94",5,0.026,0.02232891948038,0.24649358678181,0.123246793390905,0.876753206609095,1.1644092327372,1.09939484691079,0.0245482990138156,0.386363203386432,1.88272014025875,0.00862707285859731,0.0420391064159272,0.00583876477998989,0.0471152570205715,0.0209888606209435,51,"Wholesale nondurable"
"95",93,0.00201612903225803,0.0119745883565494,0.866570879443762,0.433285439721881,0.566714560278119,0.168367293490747,0.90897224288317,0.0108845684360554,0.234806366698937,1.60628900855409,0.00281170958471675,0.019234649659085,0.00166146475460535,0.0212028463683867,0.00667237540262278,60,"Banks / credit"
"96",26,0.0221774193548387,0.0128067197336642,0.0858338125593783,0.0429169062796892,0.957083093720311,1.73170177969479,1.23573229953334,0.0158256772259598,0.4877568617337,2.14420904862802,0.00624656542639511,0.0274602843361658,0.00455165489494436,0.0315882115982475,0.0206796151594258,49,"Electric / gas"
"97",103,-0.005,0.0194559850312276,0.797719588765085,0.601140205617457,0.398859794382543,-0.256990329298404,0.837280411506758,0.0162901151532156,0.184643188358709,1.51663566854177,0.00359241510882519,0.0295076408649745,0.00203500971482583,0.0324563284109467,0.00696403666250912,20,"Food products"
"98",100,0,0.0243255326349911,1,0.5,0.5,0,0.880075447987885,0.0214083040312837,0.21346033336267,1.57000075188244,0.00519253630548969,0.0381911045268767,0.00301167105718402,0.0420335813929391,0.0112207812666656,55,"Auto dealers / services"
"99",65,-0.0315315315315315,0.0199973282310318,0.123592607492539,0.93820369625373,0.0617963037462696,-1.57678721713438,0.639736623308047,0.012793023237703,0.0853841333450679,1.27862739684239,0.00170745454022351,0.0255691317398471,0.00087507045186455,0.0282156862771935,-0.00485459399978077,20,"Food products"
"100",101,0.00694444444444444,0.0121421438736462,0.571025389089584,0.285512694544792,0.714487305455208,0.571929019842775,0.981463734432475,0.0119170738702452,0.291373355040044,1.7034134602341,0.00353789719784322,0.0206830913104681,0.00220308616715512,0.0228861774776232,0.0101910572717676,63,"Insurance / real estate"
"101",43,-0.01,0.01,0.327286881279785,0.836356559360107,0.163643440639893,-1,0.721578676864038,0.00721578676864038,0.119537786683095,1.37681915018922,0.00119537786683095,0.0137681915018922,0.000629707983419876,0.0151556836687496,-0.00367835369181382,60,"Banks / credit"
"102",2,0.022,0.0152970585407784,0.152900636775683,0.0764503183878415,0.923549681612158,1.43818499101335,1.16116417321497,0.0177623963331239,0.434391778393033,1.99158491027371,0.00664491646371105,0.0304653909613877,0.00465307418220552,0.0345143818287104,0.0201978732275084,58,"Eating/drinking"
"103",63,0.056,0.0221548800420453,0.0127393817738381,0.00636969088691907,0.993630309113081,2.52765981552252,1.52886216827961,0.033871757939056,0.649986715089329,2.97883895207606,0.0144003777017272,0.065995819647817,0.0113500513905239,0.0772276413363563,0.0332260435839535,58,"Eating/drinking"
"104",57,0.002,0.0154230660940662,0.897032966245704,0.448516483122852,0.551483516877148,0.129675901523204,0.902267791011444,0.0139157357753166,0.22946985836487,1.59775059521958,0.00353912879215741,0.0246422130319053,0.0020905551469953,0.0271442947826398,0.00846072388574454,59,"Other retail"
"105",75,0.0952380952380952,0.0196914982172717,3.80942096548247e-06,1.90471048274124e-06,0.999998095289517,4.83650833406674,4.24122641529282,0.0835161023957844,2.28616017031419,5.25432610572212,0.0450179189181396,0.103465553143791,0.0348037692476373,0.104264190360827,0.0536845345209093,55,"Auto dealers / services"
"106",38,0,0.0499093380940432,1,0.5,0.5,0,0.880075447987885,0.0439239830818938,0.21346033336267,1.57000075188244,0.0106536639474646,0.0783576983336025,0.0061791250895295,0.0862414096547263,0.0155088433494289,58,"Eating/drinking"
"107",54,0.00974025974025975,0.0117300084085649,0.408929938833888,0.204464969416944,0.795535030583056,0.830371079115993,1.03084527051042,0.0120918236910166,0.330863516712138,1.7749226719106,0.00388103183312075,0.0208198578660639,0.00250389150523919,0.0231234380508839,0.0120219581961488,50,"Wholesale durable"
"108",94,0.016304347826087,0.0143333626411975,0.261345636877751,0.130672818438875,0.869327181561125,1.13751031312251,1.09363213915786,0.0156754260466182,0.381026695052366,1.87311442525743,0.00546139379616251,0.0268480283256728,0.00368682326295564,0.0300606129116508,0.0167972555437775,48,"Communications"
